{"summary": {"": "[0] is our person to focus on. Robert Allen Iger  (/\u02c8a\u026a\u0261\u0259r/; born February 10, 1951) is an American media business executive who serves as Chief Executive Officer (CEO) of The Walt Disney Company. [0] previously served as the President of ABC between 1994 and 1995 and as president and chief operating officer (COO) of Capital Cities/ABC, from 1995 until Capital Cities/ABC's acquisition by The Walt Disney Company in 1996. [0] was named president of The Walt Disney Company in 2000 and succeeded Michael Eisner as CEO in 2005, until [0]'s contract expired in 2020. [0] then served as executive chairman until [0]'s retirement from The Walt Disney Company on December 31, 2021. After [0]'s exit from The Walt Disney Company, [0] served, at The Walt Disney Company's request, as an advisor to [0]'s successor. [0] was awarded $2 million per year for such advice. However, at the request of The Walt Disney Company's board of directors, [0] returned to The Walt Disney Company as CEO on November 20, 2022, following the unscheduled and immediate dismissal of [0]'s appointed successor, Bob Chapek. In July 2023, The Walt Disney Company renewed [0]'s contract until 2026.During [0]'s initial 15-year stewardship of The Walt Disney Company, [0] broadened The Walt Disney Company's roster of intellectual properties, expanded The Walt Disney Company's presence in international markets, and oversaw an increase of The Walt Disney Company's market capitalization from $48 billion to $257 billion. [0] led the major acquisitions of Pixar in 2006 for $7.4 billion, Marvel Entertainment in 2009 for $4 billion, Lucasfilm in 2012 for $4.06 billion, and the entertainment assets of 21st Century Fox in 2019 for $71.3 billion. [0] also expanded The Walt Disney Company's theme park resorts presence in East Asia, with the introduction of Hong Kong Disneyland Resort and Shanghai Disney Resort in 2005 and 2016, respectively. Additionally, [0] was also the driving force behind the reinvigoration of The Walt Disney Company Animation Studios, the branded-release strategy of The Walt Disney Company's film studio's output, and The Walt Disney Company's increased investment in The Walt Disney Company's direct-to-consumer businesses, including Disney+ and Hulu."}, "Early life and education": {"": "[0] is our person to focus on. [0] was born to a Jewish family in New York City. [0] is the oldest son of Miriam \"Mimi\" (n\u00e9e Tunick) (1927\u20132013) and Arthur L. Iger (1926\u20132010). Arthur L. Iger (1926\u20132010) was a World War II Navy veteran who was the executive vice president and general manager of the Greenvale Marketing Corporation, and was also a professor of advertising and public relations. Miriam \"Mimi\" (n\u00e9e Tunick) (1927\u20132013) worked at Boardman Junior High School in Oceanside, New York City. Arthur L. Iger (1926\u20132010)'s father Joe ([0]'s paternal grandfather) was cartoonist Jerry Iger's brother.[0] was raised in Oceanside, where [0] attended the Fulton Avenue School and graduated from Oceanside High School in 1969. In 1973, [0] graduated magna cum laude from the Roy H. Park School of Communications at Ithaca College with a Bachelor of Science degree in Television and Radio."}, "Career": {"": "[0] is our person to focus on. [0] began [0]'s media career in 1972 as the host of Campus Probe, an Ithaca College television show. [0] dreamed of becoming a news anchor while [0] worked as a weatherman in Ithaca for five months, before shifting [0]'s career goals.", "American Broadcasting Company (ABC)": "[0] is our person to focus on. In 1974, [0] joined the American Broadcasting Company (ABC). [0]'s first job was performing menial labor on television sets for $150 a week (over $700, adjusted for inflation).In 1988, [0] served as the senior program executive for the Calgary Winter Olympics. the Calgary Winter Olympics was marred by disruptive weather and delayed events, and to fill the broadcast schedule [0]'s team focused on human interest stories such as those of the Jamaican bobsled team and Eddie the Eagle. the Calgary Winter Olympics achieved record-high ratings for the American Broadcasting Company (ABC), and [0]'s performance under pressure caught the attention of the American Broadcasting Company (ABC) executives Daniel Burke and Thomas Murphy, who subsequently championed [0] throughout [0]'s ascent at ABC.In 1989, [0] was named head of ABC Entertainment, green lighting shows such as Twin Peaks, America's Funniest Home Videos  and Cop Rock. [0] served as president of the ABC Network Television Group from January 1993 to 1994, and was appointed as Capital Cities/ABC senior vice president in March 1993 and executive vice president in July 1993. In 1994, [0] was named president and chief operating officer of the American Broadcasting Company (ABC)'s corporate parent, Capital Cities/ABC.", "The Walt Disney Company": "Bob Iger is our person to focus on. In 1995, The Walt Disney Company purchased [0] and renamed [0] ABC, Inc., where Bob Iger remained chairman until 1999.On February 25, 1999, The Walt Disney Company named Bob Iger the president of Walt Disney International, the business unit that oversees The Walt Disney Company's international operations, as well as chairman of [0], removing Bob Iger from day-to-day authority at [0]. The Walt Disney Company called named a promotion for Bob Iger.The Walt Disney Company named Bob Iger the president and chief operating officer (COO) on January 24, 2000, making Bob Iger The Walt Disney Company's No. 2 executive under chairman and CEO, Michael Eisner. The Walt Disney Company had been without a separate president since chairman and CEO, Michael Eisner assumed the role following the departure of Michael Ovitz in 1997, after sixteen months at The Walt Disney Company.In 2005 board members Roy E. Disney and Stanley Gold began a campaign called \"save Disney\" against Eisner. As a result, The Walt Disney Company began a search for the next CEO to replace chairman and CEO, Michael Eisner. On March 13, 2005, The Walt Disney Company announced that Bob Iger would succeed chairman and CEO, Michael Eisner as CEO, and Bob Iger was placed in charge of day-to-day operations, though chairman and CEO, Michael Eisner held the title of CEO until chairman and CEO, Michael Eisner resigned on September 30, 2005. In July 2005, board members Roy E. Disney and Stanley Gold dropped a campaign called \"save Disney\" against Eisner and agreed to work with Bob Iger.One of Bob Iger's first major decisions as CEO was to reassign The Walt Disney Company's chief strategic officer, Peter Murphy, and disband The Walt Disney Company's Strategic Planning division. It was around this time Bob Iger started to become known as \"Bob\" rather than \"Robert\". On January 24, 2006, under Bob Iger's leadership, The Walt Disney Company announced The Walt Disney Company would acquire Pixar for $7.4 billion in an all-stock transaction. In 2006, Bob Iger also re-acquired the rights to The Walt Disney Company's first star, Oswald the Lucky Rabbit, from NBCUniversal by releasing sportscaster Al Michaels from ABC Sports to ABC Sports.In August 2009, Bob Iger negotiated for The Walt Disney Company to acquire Marvel Entertainment and Marvel Entertainment's associated assets for $4 billion. By 2014, The Walt Disney Company had grossed more than that amount at the box office through the Marvel movies. On October 7, 2011, The Walt Disney Company announced that Bob Iger would become chairman of the board, following John Pepper's retirement from the board in March 2012.In October 2012, Bob Iger signed a deal with filmmaker George Lucas to purchase Lucasfilm for $4 billion. As a result, The Walt Disney Company acquired the rights to the Star Wars multimedia franchise and Indiana Jones. In March 2016, Bob Iger announced the opening of the $5.5 billion Shanghai Disney Resort later that year.Iger's contract as Disney's chairman and CEO was originally planned to run until June 30, 2018. In March 2017, The Walt Disney Company extended Bob Iger's term to July 2, 2019, and said Bob Iger would serve as a consultant for the following three years. In December 2017, The Walt Disney Company extended Iger's contract as Disney's chairman and CEO through 2021.In July 2018 Disney and 21st Century Fox shareholders approved a deal to allow Disney to purchase Fox assets. a deal to allow Disney to purchase Fox assets was finalized in March 2019.In April 2019, it was announced that Bob Iger would depart from Bob Iger's position as CEO and chairman of The Walt Disney Company when Iger's contract as Disney's chairman and CEO expired in 2021. Bob Iger resigned from Apple's's board of directors on September 10, 2019, in order to avoid a conflict of interest as Disney and 21st Century Fox shareholders prepared to launch competing streaming services Disney+ and Apple TV+.In September 2019, Bob Iger released Bob Iger's memoir The Ride of a Lifetime.In 2020, Bob Iger announced Bob Iger's intention to retire. On February 25 2020, the board named Bob Chapek \u2013 then-chairman of Disney Parks, Experiences and Products \u2013 the new chief executive, while appointing Bob Iger executive chairman (an ad hoc post) to oversee the transition. In April 2019 however, the board unexpectedly extended Bob Iger's mandate until the end of 2021, due to the COVID-19 pandemic. On December 31, 2021, Bob Iger stepped down and was succeeded by Susan Arnold as chair of the board. However, on November 20, 2022, Bob Chapek \u2013 then-chairman of Disney Parks, Experiences and Products was ousted by the board The Walt Disney Company with Bob Iger reinstated as CEO. At the time of Bob Iger's rejoining The Walt Disney Company, Bob Iger initially agreed to hold the role for two years while looking for a successor. However, on July 12, 2023, Disney and 21st Century Fox shareholders extended the contract until the end of 2026.", "Company boards": "[0] is our person to focus on. On November 15, 2011, Apple, Inc., led by CEO Tim Cook, named [0] to Apple, Inc., led by CEO Tim Cook,'s . [0] was reportedly responsible for making Steve Jobs Disney's's largest shareholder after Disney's's all-stock acquisition of Jobs' Pixar. In September 2019, [0] resigned from [0]'s position on its board of directors after Apple, Inc., led by CEO Tim Cook, announced the pricing and release date of Apple TV+, a subscription streaming service which would compete with Disney+ upon its launch in November 2021.In October 2020, [0] became a director of the dairy-replacement startup Perfect Day (company).Iger joined the board of Genies, Inc. in March 2022."}, "Personal life": {"": "[0] is our person to focus on. [0] has been married twice. [0]'s first marriage to Kathleen Susan Iger ended in divorce. They have two daughters. In 1995, [0] married journalist Willow Bay in an interfaith Jewish and Roman Catholic service in Bridgehampton, New York.According to Forbes, [0]'s estimated net worth was about $690 million as of 2019.", "Politics": "[0] is our person to focus on. [0] has described [0] as a political centrist. [0] previously identified with the Democratic Party. In 2016, [0] switched [0]'s party registration from Democratic to independent.In May 2016, during a dispute over Disney Resort's's low wages, [0] wrote in a Facebook post claiming that Disney Resort's had hired 11,000 new employees in the past decade at Disney Resort's, and 18,000 in the past 5 years in the U.S. [0] specifically targeted Vermont Senator, Bernie Sanders, who had been outspoken on the issue. Disney Resort's settled with the Department of Labor and agreed to pay back wages the following year.[0] co-chaired a fundraiser for Hillary Clinton's presidential campaign on August 22, 2016. [0] was named to President-elect Trump's Strategic and Policy Forum on December 2, 2016. [0] resigned from President-elect Trump's Strategic and Policy Forum on June 1, 2017, out of protest after President-elect Trump's withdrew the U.S. from the Paris Climate Agreement.[0] had considered running for president before and after the 2016 election as a Democrat, but ultimately decided against running."}, "Accolades and recognition": {"": "[0] is our person to focus on. In December 2019, [0] was named by Time as Time's Businessperson of the Year. In 2020, [0] was inducted into the Television Hall of Fame.In September 2022, [0] was appointed an Honorary Knight Commander of the Order of the British Empire (KBE) by Queen Elizabeth II \"for services to the UK/US relations\"."}, "Controversies": {"": "[0] is our person to focus on. In August 2019, Vanity Fair reported that actress Paz de la Huerta added [0] to actress Paz de la Huerta's lawsuit against Harvey Weinstein over allegations of rape, claiming that [0] and previous CEO Michael Eisner \"made a series of decisions that allowed a range of actions by Harvey Weinstein that unacceptably harmed certain employees\". Disney denied any knowledge of misconduct or settlements with victims during Harvey Weinstein's run at Miramax from 1993 to 2005.In November 2017, Variety reported that [0] knew about a 2010 Oscar party where Pixar chief John Lasseter was seen \"making out with a junior staffer\", seeming to confirm anonymous allegations that Pixar chief John Lasseter's inappropriate interactions with young women had been known to company leadership since the 1990s. One anonymous source was quoted as saying, \"One anonymous source know personally that [0] was aware.\u00a0... Everybody was aware. Everybody just didn't do anything about it.\"During a July 2023 interview on CNBC, [0] criticized the WGA and SAG-AFTRA strikes as \"not realistic\". [0] added that the WGA and SAG-AFTRA strikes \"are adding to the set of the challenges that this business is already facing that is, quite frankly, very disruptive.\" [0]'s comments were widely criticized both inside and outside of Hollywood for being elitist and out of touch, with HuffPost writer Marina Fang noting [0]'s $27 million annual salary that [0] received when rejoining Disney."}}