{"summary": {"": "[0] is our person to focus on. [0] is a Chinese business magnate, investor, and philanthropist. [0] is the co-founder and chief executive officer of Tencent, one of the  most valuable companies in East Asia, one of the largest internet and technology companies, and one of the biggest investment, gaming, and entertainment conglomerates in the world. The company in Shenzhen develops China's's biggest mobile instant messaging service, WeChat, and The company in Shenzhen's subsidiaries provide media, entertainment, payment systems, smartphones, internet-related services, value-added services and online advertising services, both in China's and globally.In 2007, 2014, and 2018, Time magazine named [0] one of the world's most influential people, while in 2015, Forbes credited [0] as one of the world's most powerful people. In 2017, Fortune ranked [0] as among the top businessmen of the year. In 2018, [0] was named one of the \"Most Powerful People In the world\" by the CEOWORLD magazine. [0] was a deputy to the Shenzhen Municipal People's Congress and a delegate in the 12th National People's Congress.Being one of \"the world's greatest leaders\", [0] is known for [0]'s low profile personality as compared to fellow Chinese businessman and Alibaba founder Jack Ma's outgoing personality. [0] has been compared to famed American investor Warren Buffett for their similar investment approaches, and often described as an \"aggressive acquisitor.\"As of September\u00a02023[update], [0] has a net worth of US$37.5 billion according to Bloomberg Billionaires Index, ranking [0] as the 33rd wealthiest person in the world. [0] ranks the fourth wealthiest person in China's and the 34th wealthiest person in the world according to Forbes, with a net worth of US$34.5 billion as of September\u00a02023[update]. In November 2017, [0]'s net worth briefly surpassed that of Larry Page and Sergey Brin (individually) ranking [0] the ninth richest man in the world, and the first citizen from China's to enter Forbes's top 10 richest list, though the net worth of Larry Page and of Sergey Brin have each since eclipsed that of [0]."}, "Early life and education": {"": "[0] is our person to focus on. [0] was born in Chaoyang, Shantou, Guangdong. When his father, Ma Chenshu (\u9a6c\u9648\u672f), got a job as a port manager in Shenzhen, [0] accompanied his father, Ma Chenshu (\u9a6c\u9648\u672f). [0] received a Bachelor of Science degree in Computer Science and Applied Engineering from Shenzhen in 1993."}, "Career": {"Founding of Tencent and early career": "[0] is our person to focus on. [0]'s first job was with China Motion Telecom Development, a supplier of telecommunications services and products, where [0] was in charge of developing software for pagers. [0] reportedly earned $176 per month. [0] also worked for Shenzhen Runxun Communications Co. Ltd. (\u6df1\u5733\u6da6\u8fc5\u901a\u8baf\u53d1\u5c55you/ed/s\u9650\u516c\u53f8) in the research and development department for Internet calling services.Along with four other classmates, [0] went on to co-found Tencent in 1998. Tencent's first product came after [0] participated in a presentation for ICQ, the world's first Internet instant messaging service, founded in 1996 by an Israeli company. Inspired by the idea, [0] and [0]'s team launched in February 1999 a similar software, with a Chinese interface and a slightly different name: OICQ (or Open ICQ). a similar software, with a Chinese interface and a slightly different name: OICQ (or Open ICQ) quickly became popular and garnered more than a million registered users by the end of 1999, making a similar software, with a Chinese interface and a slightly different name: OICQ (or Open ICQ) one of the largest such services in China.In a 2009 interview with China Daily, [0] stated: \"If [0] have seen further, further is by standing on the shoulders of giants\", paraphrasing a quote attributed to Isaac Newton and referencing the similarities between ICQ, the world's first Internet instant messaging service, founded in 1996 by an Israeli company and a similar software, with a Chinese interface and a slightly different name: OICQ (or Open ICQ). \"Tencent knew a similar software, with a Chinese interface and a slightly different name: OICQ (or Open ICQ) had a future, but at that time Tencent just couldn't afford a similar software, with a Chinese interface and a slightly different name: OICQ (or Open ICQ).\" In order to solve the problem, [0] applied for bank loans and even discussed selling Tencent.Since a similar software, with a Chinese interface and a slightly different name: OICQ (or Open ICQ) was offered free of charge, Tencent looked to venture capitalists to finance Tencent's growing operational costs. In 2000, [0] turned to US investment firm IDC and Hong Kong's telecom carrier Pacific Century CyberWorks (PCCW), which bought 40 percent of Tencent's shares for US$2.2 million. With the pager market shrinking, [0] improved the messaging platform by allowing a similar software, with a Chinese interface and a slightly different name: OICQ (or Open ICQ) users to send messages to mobile handsets. Afterwards, 80 percent of Tencent's revenue came from deals struck with telecom operators who agreed to share message fees.", "AOL arbitration and business expansion": "Ma Huateng is our's person to focus on. After [0] bought ICQ in 1998, [0] filed an arbitration against our with the National Arbitration Forum in the United States, claiming that ICQ's domain names OICQ.com and OICQ.net were in violation of ICQ's trademark. our lost the case and had to relinquish the domain names. In December 2000, Ma Huateng changed the name of the software to QQ (\"Q\" and \"QQ\" used to stand for the word \"cute\").After the case[0] , Ma Huateng decided to expand the business portfolio of our. In 2003, our released our's own portal (QQ.com) and made forays into the online games market. By 2004, our became the largest Chinese instant messaging service (holding 74 percent of the market), prompting Ma Huateng to list our on the Hong Kong Stock Exchange. After our raised $200 million in June's IPO, Ma Huateng quickly became one of the richest people in China's telecom industry.In 2004, our launched an online gaming platform and started selling virtual seminal s to support the games published on an online gaming platform (weapons, gaming power), as well as emoticons and ringtones.At Ma Huateng's behest, our launched in 2005 the C2C platform Paipai.com (\u62cd\u62cd\u7f51), a direct competitor to e-commerce giant Alibaba.Mimicking Microsoft, Ma Huateng created two competing teams of engineers in 2010 and charged two competing teams of engineers with creating a new product. After two months, one team presented an app for text messaging and group chat \u2013 WeChat \u2013 which launched in January 2011. As of 2015[update], an app for text messaging and group chat \u2013 WeChat \u2013 which launched in January 2011, is the largest instant messaging platform in the world, used by 48 percent of Internet users in the Asia-Pacific region.Other diverse services provided by our include web portals, e-commerce, and multiplayer online games. Online games such as Legend of Yulong and Legend of Xuanyuan boosted revenue by more than half, up to US$5.1 billion, with a US$1.5 billion profit margin.In December 2015, Ma Huateng announced that our would build an \"Internet hospital\" set up in Wuzhen that will provide long-distance diagnoses and medicine delivery.", "": ""}, "Philanthropy": {"": "[0] is our person to focus on. In 2016, [0] transferred US$2.3 billion worth of his personal Tencent shares to [0]'s charitable foundation, the Ma Huateng Global Foundation (\u9a6c\u5316\u817e\u73af\u7403\u57fa\u91d1\u4f1a). However, Forbes has not decreased [0]'s net worth, as his personal Tencent shares are still listed under [0]'s name."}, "Politics": {"": "Ma Huateng is [0]'s person to focus on. According to the official [0] website, Ma Huateng is a deputy to the 5th Shenzhen Municipal People's Congress and served in the 12th National People's Congress.Speaking of censorship at a technology conference in Singapore, Ma Huateng was quoted as saying: \"In terms of information security management, online companies from any country must abide by a defined set of criteria, and act responsibly. Otherwise it might lead to hearsay, libel and argument among citizens\u2014not to mention between countries. That's why the need for online management is increasingly urgent.\""}, "Personal life": {"": "[0] is our person to focus on. [0] uses the nickname Pony, derived from the English translation of [0]'s family name Ma (\u9a6c), which means \"horse.\" [0] seldom appears in the media and is known for [0]'s secretive lifestyle.[0]'s wealth comes from the 9.7 percent stake in Tencent Holdings. [0] reportedly owns property in Hong Kong and art pieces worth US$150 million. [0] owns a redeveloped palatial residence of 1,820\u00a0m2 (19,600\u00a0sq\u00a0ft) in Hong Kong."}}