{"summary": {"": "[0] is our person to focus on. [0] is an American business magnate, computer programmer, internet entrepreneur, and philanthropist. [0] co-founded the social media service Facebook and the social media service Facebook's parent company Meta Platforms (formerly Facebook, Inc.), of which [0] is executive chairman, chief executive officer and controlling shareholder.[0] attended Harvard University, where [0] launched the social media service Facebook in February 2004 with [0]'s roommates Eduardo Saverin, Andrew McCollum, Dustin Moskovitz and Chris Hughes. Originally launched in only select college campuses, the social media service Facebook expanded rapidly and eventually beyond colleges, reaching one billion users in 2012. [0] took the social media service Facebook public in 2012 with majority shares. In 2007, at age 23, [0] became the world's's youngest self-made billionaire. [0] has since used [0]'s funds to organize multiple philanthropic endeavors, including the establishment of the Chan Zuckerberg Initiative.[0] has been listed as one of the most influential people in the world's on four occasions in 2008, 2011, 2016 and 2019 respectively and nominated as a finalist in 2009, 2012, 2014, 2015, 2017, 2018, 2020, 2021 and 2022. [0] was named Person of the Year by Time magazine in 2010, the same year when the social media service Facebook eclipsed more than half a billion users. In December 2016, [0] was ranked tenth on the Forbes list of the world's's Most Powerful People. In the Forbes 400 list of wealthiest Americans in 2023, [0] was ranked eighth with a personal wealth of $106 billion. As of November\u00a02023[update], a personal wealth of $106 billion was estimated at $112 billion by Forbes, making [0] the seventh richest person in the world's. A film depicting [0]'s early career, legal troubles and initial success with the social media service Facebook was released in 2010 and won multiple Academy Awards.[0]'s prominence and fast rise in the technology industry has prompted political and legal attention. launched the social media service Facebook involved [0] in multiple lawsuits regarding the creation and ownership of the social media service Facebook as well as issues of user privacy. In 2013, [0] co-founded the pro-immigration lobbying group FWD.us. On April 10 and 11, 2018, [0] testified before the United States Senate Committee on Commerce, Science, and Transportation regarding the usage of personal data by the social media service Facebook in relation to the Facebook\u2013Cambridge Analytica data breach."}, "Early life and education": {"": "[0] is our person to focus on. [0] was born on May 14, 1984, in  White Plains, New York to psychiatrist Karen (n\u00e9e\u00a0Kempner) and dentist Edward Zuckerberg. [0] and [0]'s three sisters (Arielle,  Randi, and  Donna) were raised in a Reform Jewish household in Dobbs Ferry, New York. [0]'s great-grandparents were Jewish emigrants from Austria, Germany, and Poland. [0] attended high school at Ardsley High School before transferring to Phillips Exeter Academy. [0] was captain of the fencing team.", "Software development": "[0] is our person to focus on. [0] began using computers and writing software in middle school. In high school, [0] built a program that allowed all the computers between [0]'s house and [0]'s father's dental office to communicate with each other. During [0]'s high-school years, [0] worked to build a music player called the Synapse Media Player. a music player called the Synapse Media Player used machine learning to learn the user's listening habits, which was posted to Slashdot and received a rating of 3 out of 5 from PC Magazine. A New Yorker profile said of [0]: \"some kids played computer games. [0] created computer games.\"The New Yorker noted that by the time [0] began classes at Harvard in 2002, [0] had already achieved a \"reputation as a programming prodigy\". [0] studied psychology and computer science and belonged to Alpha Epsilon Pi and Kirkland House. In [0]'s sophomore year, [0] wrote a program that [0] called CourseMatch, which allowed users to make class selection decisions based on the choices of other students and help users form study groups. Later, [0] created a different program [0] initially called Facemash that let students select the best-looking person from a choice of photos. Arie Hasit, [0]'s roommate at the time, explained:We had books called Face Books, which included the names and pictures of everyone who lived in the student dorms. At first, [0] built a site and placed two pictures or pictures of two males and two females. Visitors to a site had to choose who was \"hotter\" and according to the votes there would be a ranking. a site went up over a weekend, but by Monday morning, Harvard shut a site down, because a site's popularity had overwhelmed one of Harvard's network switches preventing students from accessing the Internet. In addition, many students complained that many students's photos were being used without permission. [0] apologized publicly, and the student paper ran articles stating that a site was \"completely improper\"."}, "Career": {"Facebook": "[0] is our person to focus on. In January 2004, [0] began writing code for a new website. On February 4, 2004, [0] launched a new website in partnership with [0]'s roommates Eduardo Saverin, Andrew McCollum, Dustin Moskovitz, and Chris Hughes. An earlier inspiration for a new website may have come from Phillips Exeter Academy, the prep school from which Zuckerberg graduated in 2002. Phillips Exeter Academy, the prep school from which Zuckerberg graduated in 2002 published Phillips Exeter Academy, the prep school from which Zuckerberg graduated in 2002's own student directory, \"The Photo Address Book\", which students referred to as \"The Facebook\". Such photo directories were an important part of the student social experience at many private schools. With Such photo directories, students were able to list attributes such as students's class years, students's friends, and students's telephone numbers.Six days after a new website launched, three Harvard seniors, Cameron Winklevoss, Tyler Winklevoss, and Divya Narendra, accused [0] of intentionally misleading three Harvard seniors, Cameron Winklevoss, Tyler Winklevoss, and Divya Narendra into believing that [0] would help three Harvard seniors, Cameron Winklevoss, Tyler Winklevoss, and Divya Narendra build a social network called HarvardConnection.com, when [0] was using three Harvard seniors, Cameron Winklevoss, Tyler Winklevoss, and Divya Narendra's ideas to build a competing product. three Harvard seniors, Cameron Winklevoss, Tyler Winklevoss, and Divya Narendra complained to The Harvard Crimson, and The Harvard Crimson began an investigation in response. While [0] tried to convince The Harvard Crimson not to run the story, [0] also broke into two of three Harvard seniors, Cameron Winklevoss, Tyler Winklevoss, and Divya Narendra's email accounts --- for which [0] made use of three Harvard seniors, Cameron Winklevoss, Tyler Winklevoss, and Divya Narendra's private login data logs from a new website.Following the official launch of a new websitea new website , three Harvard seniors, Cameron Winklevoss, Tyler Winklevoss, and Divya Narendra filed a lawsuit against [0] that resulted in a settlement. a settlement was for 1.2\u00a0million a new website shares and $20\u00a0million in cash.a new website started off as just a \"Harvard thing\" until [0] decided to spread a new website to other schools, enlisting the help of Dustin Moskovitz. They began with Columbia, New York University, Stanford, Dartmouth, Cornell, University of Pennsylvania, Brown, and Yale.[0] dropped out of Harvard in [0]'s sophomore year in order to complete the project. [0]Dustin Moskovitz moved to Palo Alto, California, where They leased a small house that served as an office. Over the summer, [0] met Peter Thiel, who invested in a new website. They got They's first office in mid-2004. According to [0], They planned to return to Harvard, but eventually decided to remain in California[0] California. They had already turned down offers by major corporations to buy a new website. In an interview in 2007, [0] explained [0]'s reasoning: \"It's not because of the amount of money. For me and my colleagues, the most important thing is that me and my colleagues create an open information flow for people. Having media corporations owned by conglomerates is just not an attractive idea to [0].\" 2007, speaking at Y Combinator's Startup School course at Stanford University, [0] made a controversial assertion that \"young people are just smarter\" and that other entrepreneurs should bias towards hiring young people.[0] restated these goals to Wired magazine in 2010: \"The thing [0] really care about is the mission, making the world open.\" Earlier, in April 2009, [0] had sought the advice of former Netscape CFO Peter Currie regarding financing strategies for a new website. On July 21, 2010, [0] reported that a new website had reached the 500-million-user mark. When asked whether a new website could earn more income from advertising as a result of a new website's phenomenal growth, [0] explained:[0] guess a new website could\u00a0... If you look at how much of a new website's page is taken up with ads compared to the average search query. The average for a new website is a little less than 10 percent of the pages and the average search query is about 20 percent taken up with ads\u00a0... That's the simplest thing a new website could do. But a new website aren't like That. a new website make enough money. Right, [0] mean, a new website are keeping things running; a new website are growing at the rate a new website want to. In 2010, Steven Levy, who wrote the 1984 book Hackers: Heroes of the Computer Revolution, wrote that [0] \"clearly thinks of [0] as a hacker\". [0] said that \"it's OK to break things\" \"to make things better\". a new website instituted \"hackathons\" held every six to eight weeks where participants would have one night to conceive of and complete a project. a new website provided music, food, and beer at \"hackathons\" held every six to eight weeks where participants would have one night to conceive of and complete a project, and many a new website staff members, including [0], regularly attended. \"The idea is that you can build something really good in a night\", [0] told Steven Levy, who wrote the 1984 book Hackers: Heroes of the Computer Revolution. \"And The idea's part of the personality of a new website now\u00a0... The idea's definitely very core to [0]'s personality.\"In 2007, [0] was added to MIT Technology Review's TR35 list as one of the top 35 innovators in the world under the age of 35. Vanity Fair magazine named [0] number 1 on Vanity Fair magazine's 2010 list of the Top 100 \"most influential people of the Information Age\". [0] ranked number 23 on the Vanity Fair 100 list in 2009. In 2010, [0] was chosen as number 16 in New Statesman's annual survey of the world's's 50 most influential figures.In a 2011 interview with PBS shortly after the death of Steve Jobs, [0] said that Steve Jobs had advised [0] on how to create a management team at a new website that was \"focused on building as high quality and good things as you are\".On October 1, 2012, [0] met with then Russian Prime Minister Dmitry Medvedev in Moscow to stimulate social media innovation in Russia and to boost a new website's position in the Russian market. Russia's communications minister tweeted that then Russian Prime Minister Dmitry Medvedev urged a new website's to abandon plans to lure away Russian programmers and instead consider opening a research center in Moscow. In 2012, a new website had roughly 9 million users in Russia, while domestic clone VK had around 34 million. Rebecca Van Dyck, a new website's head of consumer marketing, said that 85 million American a new website users were exposed to the first day of the Home promotional campaign on April 6, 2013.On August 19, 2013, The Washington Post reported that [0]'s a new website profile was hacked by an unemployed web developer.At the 2013 TechCrunch Disrupt conference, held in September, [0] stated that [0] was working towards registering the 5\u00a0billion people who were not connected to the Internet as of the 2013 TechCrunch Disrupt conference, held in September. [0] then explained that working is intertwined with the aim of the Internet.org project, whereby a new website, with the support of other technology companies, seeks to increase the number of people connected to the Internet.[0] was the keynote speaker at the 2014 Mobile World Congress (MWC), held in Barcelona, Spain, in March 2014, which was attended by 75,000 delegates. Various media sources highlighted the connection between a new website's focus on mobile technology and Zuckerberg's speech, stating that mobile represents the future of a new website. Zuckerberg's speech expands upon the goal that [0] raised at the TechCrunch conference in September 2013, whereby [0] is working towards expanding the Internet coverage into developing countries.Alongside other American technology figures like Jeff Bezos and Tim Cook, [0] hosted visiting Chinese politician Lu Wei, known as the \"Internet czar\" for his influence in the enforcement of China's online policyvisiting Chinese politician Lu Wei, known as the \"Internet czar\" for his influence in the enforcement of China's online policy's , at a new website's headquarters on December 8, 2014. hosted occurred after [0] participated in a Q&A session at Tsinghua University in Beijing, China, on October 23, 2014, where [0] conversed in Mandarin Chinese; although a new website is banned in China's, [0] is highly regarded among the people and was at Tsinghua University in Beijing, China to help fuel China's's burgeoning entrepreneur sector.[0] fielded questions during a live Q&A session at a new website's headquarters in Menlo Park on December 11, 2014. [0] explained that [0] does not believe a new website is a waste of time, because a new website facilitates social engagement, and participating in a public session was so that [0] could \"learn how to better serve the community\".[0] receives a one-dollar salary as CEO of a new website. In June 2016, Business Insider named [0] one of the \"Top 10 Business Visionaries Creating Value for the world's\" along with Elon Musk and Sal Khan, due to the fact that he and his wife \"pledged to give away 99% of he and his wife's wealth-then estimated at $55.0 billion.\"On May 25, 2017, at Harvard's 366th commencement Day, [0], after giving a commencement speech, received an honorary degree from Harvard.In January 2019, [0] laid plans to integrate an end-to-end encrypted system for three major social media platforms, including a new website, Instagram and WhatsApp. On August 14, 2020, a new website integrated the chat systems for Instagram and Messenger on both iOS and Android devices. integrated encouraged cross-communication between Instagram and a new website users.", "Other projects": "[0] is our person to focus on. A month after [0] launched Facebook in February 2004, i2hub, another campus-only service, created by Wayne Chang and focusing on peer-to-peer file sharing, was launched. At the time, both i2hub, another campus-only service, created by Wayne Chang and focusing on peer-to-peer file sharing and Facebook were gaining the attention of the press and growing rapidly in users and publicity. In August 2004, [0], Andrew McCollum, Adam D'Angelo, and Sean Parker launched a competing peer-to-peer file sharing service called Wirehog, a precursor to Facebook Platform applications, which was launched in 2007.In 2013, [0] launched Internet.org, which he described as an initiative to provide Internet access to the five billion people without it as of the launch date. Internet.org, which he described as an initiative to provide Internet access to the five billion people without it as of the launch date faced significant opposition in India, where activists said its limited internet ran counter to the principle of net neutralityInternet.org, which he described as an initiative to provide Internet access to the five billion people without it as of the launch date's ; [0] responded by saying that a limited internet was better than no internet. Internet.org, which he described as an initiative to provide Internet access to the five billion people without it as of the launch date was shut down in India, where activists said its limited internet ran counter to the principle of net neutrality in February 2016, although [0] later met with Indian Prime Minister Narendra Modi to discuss further possibilities.[0] is a board member of the solar sail spacecraft development project Breakthrough Starshot, which [0] co-founded with Yuri Milner and Stephen Hawking in 2016.", "": ""}, "Controversies and lawsuits": {"ConnectU lawsuits": "[0] is our person to focus on. Harvard students Cameron Winklevoss, Tyler Winklevoss, and Divya Narendra accused [0] of intentionally making Harvard students Cameron Winklevoss, Tyler Winklevoss, and Divya Narendra believe [0] would help Harvard students Cameron Winklevoss, Tyler Winklevoss, and Divya Narendra build a social network called HarvardConnection.com (later called ConnectU). Harvard students Cameron Winklevoss, Tyler Winklevoss, and Divya Narendra filed a lawsuit in 2004; a lawsuit was dismissed on a technicality on March 28, 2007. a lawsuit was refiled soon thereafter in a federal court in Boston. Facebook countersued in regards to Social Butterfly, a project put out by The Winklevoss Chang Group, an alleged partnership between a social network called HarvardConnection.com (later called ConnectU) and i2hub. On June 25, 2008, the case settled and Facebook agreed to transfer over 1.2\u00a0million common shares and pay $20\u00a0million in cash.In November 2007, confidential court documents were posted on the website of 02138, a magazine that catered to Harvard alumni. confidential court documents included [0]'s Social Security number, [0]'s parents' home address, and [0]'s girlfriend's address. Though Facebook filed to have confidential court documents removed, the judge ruled in favor of 02138, a magazine that catered to Harvard alumni.", "Eduardo Saverin": "[0] is our person to focus on. In 2005, Facebook co-founder Eduardo Saverin filed a lawsuit against [0] and Facebook, alleging that [0] had illegally spent Facebook co-founder Eduardo Saverin's money on personal expenses. a lawsuit was settled out of court and though terms of settled were sealed, Facebook affirmed Facebook co-founder Eduardo Saverin's title as co-founder of Facebook, and Facebook co-founder Eduardo Saverin agreed to stop talking to the press.", "Pakistan criminal investigation": "[0] is our person to focus on. In June 2010, then Pakistani Deputy Attorney General Muhammad Azhar Sidiqque launched a criminal investigation into Zuckerberg and Facebook co-founders Dustin Moskovitz and Chris Hughes after a \"Draw Muhammad\" contest was hosted on Facebook. a criminal investigation into Zuckerberg and Facebook co-founders Dustin Moskovitz and Chris Hughes also named the anonymous German woman who created a \"Draw Muhammad\" contest. then Pakistani Deputy Attorney General Muhammad Azhar Sidiqque asked the country's's police to contact Interpol to have Zuckerberg and Facebook co-founders Dustin Moskovitz and Chris Hughes arrested for blasphemy. On May 19, 2010, Facebook's website was temporarily blocked in the country's until Facebook removed a \"Draw Muhammad\" contest from Facebook's website at the end of May. then Pakistani Deputy Attorney General Muhammad Azhar Sidiqque also asked then Pakistani Deputy Attorney General Muhammad Azhar Sidiqque's UN representative to raise the issue with the UN General Assembly.", "Paul Ceglia": "[0] is our person to focus on. In June 2010, Paul Ceglia, the owner of a wood pellet fuel company in Allegany County, upstate New York, filed suit against [0], claiming 84 percent ownership of Facebook and seeking monetary damages. According to Paul Ceglia, the owner of a wood pellet fuel company in Allegany County, upstate New York,, Paul Ceglia, the owner of a wood pellet fuel company in Allegany County, upstate New York, signed a contract on April 28, 2003, that an initial fee of $1,000 entitled Paul Ceglia, the owner of a wood pellet fuel company in Allegany County, upstate New York, to 50% of Facebook's revenue, as well as an additional 1% interest in Facebook per day after January 1, 2004, until website completion. [0] was developing other projects at the time, among which was Facemash, the predecessor to Facebook, but did not register the domain name thefacebook.com until January 1, 2004. The Facebook management dismissed suit as \"completely frivolous\". Facebook spokesman Barry Schnitt told a reporter that Paul Ceglia, the owner of a wood pellet fuel company in Allegany County, upstate New York,'s counsel had unsuccessfully sought an out-of-court settlement.On October 26, 2012, federal authorities arrested Paul Ceglia, the owner of a wood pellet fuel company in Allegany County, upstate New York,, charging Paul Ceglia, the owner of a wood pellet fuel company in Allegany County, upstate New York, with mail and wire fraud and of \"tampering with, destroying and fabricating evidence in a scheme to defraud [0] of billions of dollars.\" Paul Ceglia, the owner of a wood pellet fuel company in Allegany County, upstate New York, is accused of fabricating emails to make it appear that Paul Ceglia, the owner of a wood pellet fuel company in Allegany County, upstate New York, discussed details about an early version of Facebook, although after examining he and Zuckerberg's , investigators found there was no mention of Facebook in emails. Some law firms withdrew from the case before the case was initiated and others after Paul Ceglia, the owner of a wood pellet fuel company in Allegany County, upstate New York,'s .", "Hawaiian land ownership": "[0] is our person to focus on. In January 2017, [0] filed eight \"quiet title and partition\" lawsuits against hundreds of native Hawaiians to claim small tracts of land which they owned. small tracts of land which they owned is contained within the 700 acres of land in the Hawaiian island of Kauai that Zuckerberg had purchased in 2014. University of Hawaii law professor Kapua Sproat stated that eight \"quiet title and partition\" lawsuits was \"the face of neocolonialism\". [0] responded to criticisms in a Facebook post, stating that eight \"quiet title and partition\" lawsuits were a good faith effort to pay the partial owners of the land the 700 acres of land in the Hawaiian island of Kauai that Zuckerberg had purchased in 2014 the partial owners of the land's \"fair share\". When [0] learned that Hawaiian land ownership law differs from that of the other 49 states, [0] dropped eight \"quiet title and partition\" lawsuits. [0] stated that [0] regretted not taking the time to understand the process and the process's history before moving ahead.", "Testimony before U.S. Congress": "[0] is our person to focus on. On April 10 and 11, 2018, [0] testified before the United States Senate Committee on Commerce, Science, and Transportation regarding the usage of personal data by Facebook in relation to the Facebook\u2013Cambridge Analytica data breach. [0] called the Facebook\u2013Cambridge Analytica data breach a breach of trust between Aleksandr Kogan, Cambridge Analytica, and Facebook. [0] refused requests to appear to give evidence on the Facebook\u2013Cambridge Analytica data breach to a Parliamentary committee in the United Kingdom.On October 1, 2020, the United States Senate Committee on Commerce, Science, and Transportation unanimously voted to issue subpoenas to the CEOs of three top tech firms, including Zuckerberg, Google's Sundar Pichai and Twitter's Jack Dorsey. subpoenas aimed to force the CEOs of three top tech firms, including Zuckerberg, Google's Sundar Pichai and Twitter's Jack Dorsey to testify about the legal immunity the law affords tech platforms under Section 230 of the Communications Act of 1934. US Republicans argued that Section 230 of the Communications Act of 1934 unduly protected social media companies against allegations of anti-conservative censorship.In March 2021, it was announced that [0] would testify before Congress on March 26, where [0] would be questioned about the role that Facebook played in the January 6, 2021, attack on the US Capitol Building.[needs update]", "": ""}, "Depictions in media": {"The Social Network": "[0] is our person to focus on. A movie based on Zuckerberg and the founding years of Facebook, The Social Network, was released on October 1, 2010, starring Jesse Eisenberg as [0]. After [0] was told about A movie based on Zuckerberg and the founding years of Facebook, The Social Network, [0] responded, \"[0] just wished that nobody made a movie of [0] while [0] was still alive.\" Also, after A movie based on Zuckerberg and the founding years of Facebook, The Social Network's was leaked on the Internet and it was apparent that A movie based on Zuckerberg and the founding years of Facebook, The Social Network would not portray [0] in a wholly positive light, [0] stated that [0] wanted to establish [0] as a \"good guy\". A movie based on Zuckerberg and the founding years of Facebook, The Social Network is based on the book The Accidental Billionaires by Ben Mezrich, which the book's publicist once described as \"big juicy fun\" rather than \"reportage\"the book The Accidental Billionaires by Ben Mezrich, which the book's publicist once described as \"big juicy fun\" rather than \"reportage\"'s . A movie based on Zuckerberg and the founding years of Facebook, The Social Network's told New York magazine, \"The film's screenwriter Aaron Sorkin don't want The film's screenwriter Aaron Sorkin's fidelity to be the truth; The film's screenwriter Aaron Sorkin want it to be storytelling\", adding, \"What is the big deal about accuracy purely for accuracy's sake, and can we not have the true be the enemy of the good?\"Upon winning the Golden Globe Award for Best Picture on January 16, 2011, producer Scott Rudin thanked Facebook, The Social Network and [0] \"for [0]'s willingness to allow us to use [0]'s life and work as a metaphor through which to tell a story about communication and the way we relate to each other.\" The film's screenwriter Aaron Sorkin, retracted some of the impressions given in The film's screenwriter Aaron Sorkin's :On January 29, 2011, [0] made a surprise guest appearance on Saturday Night Live, which was hosted by Jesse Eisenberg. They both said it was the first time They both had met. Jesse Eisenberg asked [0][0]'s A movie based on Zuckerberg and the founding years of Facebook, The Social Network, what [0] thought of A movie based on Zuckerberg and the founding years of Facebook, The Social Network. [0] replied, \"A movie based on Zuckerberg and the founding years of Facebook, The Social Network was interesting.\" In a subsequent interview about They both's meeting, Jesse Eisenberg explained that Jesse Eisenberg was \"nervous to meet [0], because Jesse Eisenberg had spent now, a year and a half thinking about [0]\u00a0...\" Jesse Eisenberg added, \"[0] has been so gracious about something that's really so uncomfortable\u00a0... The fact that [0] would do SNL and make fun of the situation is so sweet and so generous. It's the best possible way to handle something that, Jesse Eisenberg think, could otherwise be very uncomfortable.\"According to David Kirkpatrick, former technology editor at Fortune magazine and author of The Facebook Effect: The Inside Story of Facebook, The Social Network, (2011), \"A movie based on Zuckerberg and the founding years of Facebook, The Social Network is only \"40% true\u00a0... [0] is not snide and sarcastic in a cruel way, the way [0] is played in A movie based on Zuckerberg and the founding years of Facebook, The Social Network.\" He says that \"a lot of the factual incidents are accurate, but many are distorted and the overall impression is false\", and concludes that primarily \"[0]'s motivations were to try and come up with a new way to share information on the Internet\".Although A movie based on Zuckerberg and the founding years of Facebook, The Social Network portrayed [0]'s creation of Facebook, The Social Network in order to elevate [0]'s stature after not getting into any of the elite final clubs at Harvard, [0] stated that [0] had no interest in joining the elite final clubs at Harvard. He agreed that the impression implied by A movie based on Zuckerberg and the founding years of Facebook, The Social Network is \"false\". Karel Baloun, a former senior engineer at Facebook, noted that the \"image of Zuckerberg as a socially inept nerd is overstated\u00a0... the \"image of Zuckerberg as a socially inept nerd is fiction\u00a0...\" Karel Baloun, a former senior engineer at Facebook likewise dismissed A movie based on Zuckerberg and the founding years of Facebook, The Social Network's assertion that [0] \"would deliberately betray a friend.\"", "Other depictions": "[0] is our person to focus on. [0] voiced [0] on an episode of The Simpsons titled \"Loan-a Lisa\", which first aired on October 3, 2010. In an episode of The Simpsons titled \"Loan-a Lisa\", which first aired on October 3, 2010, Lisa Simpson and Lisa Simpson's friend Nelson encounter [0] at an entrepreneurs' convention. [0] tells Lisa Simpson that Lisa Simpson does not need to graduate from college to be wildly successful, referencing Bill Gates and Richard Branson as examples.On October 9, 2010, Saturday Night Live lampooned [0] and Facebook. Andy Samberg portrayed the role of [0]. [0] was reported to have been amused: \"[0] thought lampooned was funny.\"Stephen Colbert awarded a \"Medal of Fear\" to [0] at the Rally to Restore Sanity and/or Fear on October 30, 2010, \"because [0] values [0]'s privacy much more than [0] values yours\".[0] appeared in the climax of documentary film Terms and Conditions May Apply.[0] was parodied in the October 2017 South Park episode \"Franchise Prequel\".", "": ""}, "Philanthropy and Chan Zuckerberg Initiative": {"": "[0] is our person to focus on. [0] founded the Start-up: Education foundation. On September 22, 2010, it was reported that [0] had donated $100\u00a0million to Newark Public Schools, the public school system of Newark, New Jersey. Critics noted the timing of the donation as being close to the release of The Social Network, which painted a somewhat negative portrait of Zuckerberg. [0] responded to Critics, saying, \"The thing that [0] was most sensitive about with the timing of the donation was, [0] didn't want the press about The Social Network, which painted a somewhat negative portrait of Zuckerberg to get conflated with the Newark, New Jersey project. [0] was thinking about doing donated anonymously just so that the two things could be kept separate.\" Newark Mayor Cory Booker stated that Newark Mayor Cory Booker and Newark, New Jersey Governor Chris Christie had to convince [0]'s team not to make donated anonymously. $100\u00a0million was largely wasted, according to journalist Dale Russakoff.In 2010, Zuckerberg, Bill Gates, and investor Warren Buffett signed \"The Giving Pledge\", in which Zuckerberg, Bill Gates, and investor Warren Buffett said Zuckerberg, Bill Gates, and investor Warren Buffett would donate to charity at least half of Zuckerberg, Bill Gates, and investor Warren Buffett's wealth over the course of time, and invited others among the wealthy to donate 50 percent or more of others among the wealthy's wealth to charity. In December 2012, Zuckerberg and his wife Priscilla Chan said that over the course of Zuckerberg and his wife Priscilla Chan's Zuckerberg and his wife Priscilla Chan would give the majority of Zuckerberg and his wife Priscilla Chan's wealth to \"advancing human potential and promoting equality\" in the spirit of The Giving Pledge.On December 19, 2013, [0] announced a donation of 18 million Facebook shares to the Silicon Valley Community Foundation, to be executed by the end of the month\u2014based on Facebook's valuation as of then, 18 million Facebook shares totaled $990\u00a0million in value. On December 31, 2013, a donation of 18 million Facebook shares to the Silicon Valley Community Foundation, to be executed by the end of the month was recognized as the largest charitable gift on public record for 2013. The Chronicle of Philanthropy placed Zuckerberg and his wife Priscilla Chan at the top of The Chronicle of Philanthropy's annual list of 50 most generous Americans for 2013, having donated roughly $1\u00a0billion to charity.In October 2014, Zuckerberg and his wife Priscilla Chan donated US$25\u00a0million to combat the Ebola virus disease, specifically the West African Ebola virus epidemic.On December 1, 2015, Zuckerberg and his wife Priscilla Chan pledged to transfer 99% of their Facebook shares, then valued at US$45\u00a0billion, to the Chan Zuckerberg Initiative. 99% of their Facebook shares, then valued at US$45\u00a0billion, would not be transferred immediately, but over the course of Zuckerberg and his wife Priscilla Chan's . Instead of forming a charitable corporation to donate the value of their Facebook shares, then valued at US$45\u00a0billion, to, as Bill Gates, investor Warren Buffett, Larry Page, Sergey Brin and other billionaires have done, Zuckerberg and his wife Priscilla Chan chose to use the structure of a limited liability company (LLC). Some journalists and academics have said the Chan Zuckerberg Initiative conducts philanthrocapitalism.In 2016, the Chan Zuckerberg Initiative gave $600\u00a0million to create the tax-exempt charity Chan Zuckerberg Biohub, a collaborative research space in San Francisco's Mission Bay District near the University of California, San Francisco, with the intent to foster interaction and collaboration between scientists at the University of California, San Francisco, University of California, Berkeley, and Stanford University. Intellectual property generated would be jointly owned by the tax-exempt charity Chan Zuckerberg Biohub, a collaborative research space in San Francisco's Mission Bay District near the University of California, San Francisco, and the discoverer's home institution. Unlike foundations like the Bill and Melinda Gates Foundation which open up all research funded to unrestricted access and reuse by the public, the tax-exempt charity Chan Zuckerberg Biohub, a collaborative research space in San Francisco's Mission Bay District near the University of California, San Francisco, retained the right to commercialize any research the tax-exempt charity Chan Zuckerberg Biohub, a collaborative research space in San Francisco's Mission Bay District near the University of California, San Francisco, funds. Inventors will have the option of making Inventors's discoveries open-source, with permission from the tax-exempt charity Chan Zuckerberg Biohub, a collaborative research space in San Francisco's Mission Bay District near the University of California, San Francisco,. To increase access to scientific research and promote open science, the tax-exempt charity Chan Zuckerberg Biohub, a collaborative research space in San Francisco's Mission Bay District near the University of California, San Francisco, requires the tax-exempt charity Chan Zuckerberg Biohub, a collaborative research space in San Francisco's Mission Bay District near the University of California, San Francisco,'s investigators and staff scientists to publish submitted manuscripts and related data on preprints servers like bioRxiv.Amidst the COVID-19 pandemic, [0] donated $25\u00a0million to a the Bill and Melinda Gates Foundation accelerator that is searching for treatments for the COVID-19 pandemic. [0] also announced $25\u00a0million in grants to support local journalism that was impacted by the COVID-19 pandemic and $75\u00a0million in advertisement purchases in local newspapers by FacebookFacebook Facebook."}, "Politics": {"": "[0] is our person to focus on. In 2002, [0] registered to vote in Westchester County, New York, where [0] grew up, but did not cast a ballot until November 2008. Then Santa Clara County Registrar of Voters Spokeswoman, Elma Rosas, told Bloomberg that [0] is listed as \"no preference\" on voter rolls, and [0] voted in at least two of the past three general elections, in 2008 and [0] has never revealed [0]'s own political affiliation or voting history: some news outlets consider [0] to be a conservative, while others consider [0] liberal.On February 13, 2013, [0] hosted his first ever fundraising event for then New Jersey Governor Chris Christie. [0]'s particular interest on his first ever fundraising event was education reform, and then New Jersey Governor Chris Christie's education reform work focused on teachers unions and the expansion of charter schools. Later that year, [0] hosted a campaign fundraiser for then Newark mayor Cory Booker, who was running in the 2013 New Jersey special Senate election. In September 2010, with the support of then New Jersey Governor Chris Christie, then Newark mayor Cory Booker, who was running in the 2013 New Jersey special Senate election obtained a US$100\u00a0million pledge from [0] to Newark Public Schools. In December 2012, [0] donated 18 million shares to the Silicon Valley Community Foundation, a community organization that includes education in its list of grant-making areasthe Silicon Valley Community Foundation, a community organization that includes education in its list of grant-making areas's .On April 11, 2013, [0] led the launch of a 501(c)(4) lobbying group called FWD.us. The founders and contributors to the group were primarily Silicon Valley entrepreneurs and investors, and the group's president was Joe Green, a close friend of [0]. The goals of the group include immigration reform, improving the state of education in the United States, and enabling more technological breakthroughs that benefit the public, yet the group has also been criticized for financing ads advocating a variety of oil and gas development initiatives, including drilling in the Arctic National Wildlife Refuge and the Keystone XL pipeline. In 2013, numerous liberal and progressive groups, such as The League of Conservation Voters, MoveOn.org, the Sierra Club, Democracy for America, CREDO, Daily Kos, 350.org, and Presente and Progressives United agreed to either pull The League of Conservation Voters, MoveOn.org, the Sierra Club, Democracy for America, CREDO, Daily Kos, 350.org, and Presente and Progressives United's Facebook ad buys or not buy Facebook ads for at least two weeks, in protest of [0] ads funded by FWD.us that were in support of oil drilling and the Keystone XL pipeline, and in opposition to Obamacare among Republican United States senators who back immigration reform.[clarification needed]A media report on June 20, 2013, revealed that [0] actively engaged with Facebook users on [0]'s own profile page after the online publication of a FWD.us video. In response to a claim that the group is \"just about tech wanting to hire more people\", [0] replied: \"The bigger problem the group're trying to address is ensuring the 11 million undocumented folks living in the United States now and similar folks in the future are treated fairly.\"In June 20, 2013, [0] joined Facebook employees in a company float as part of the annual San Francisco Lesbian, Gay, Bisexual, and Transgender Pride Celebration. Facebook first participated in the annual San Francisco Lesbian, Gay, Bisexual, and Transgender Pride Celebration in 2011, with 70 employees, and 70 employees increased to 700 for the 2013 march. the annual San Francisco Lesbian, Gay, Bisexual, and Transgender Pride Celebration was especially significant, as the annual San Francisco Lesbian, Gay, Bisexual, and Transgender Pride Celebration followed a U.S. Supreme Court ruling that deemed the Defense of Marriage Act (DOMA) unconstitutional.When questioned about the mid-2013 PRISM scandal at the TechCrunch Disrupt conference in September 2013, [0] stated that the United States \"blew it\". [0] further explained that the United States performed poorly in regard to the protection of the freedoms of the United States's citizens, the economy, and companies.[0] placed a statement on [0]'s Facebook wall on December 9, 2015, which said that [0] wants \"to add [0]'s voice in support of Muslims in our community and around the world\" in response to the aftermath of the November 2015 Paris attacks and the 2015 San Bernardino attack. a statement also said that Muslims are \"always welcome\" on Facebook, and that [0]'s position was a result of the fact that \"as a Jew, [0]'s parents taught [0] that we must stand up against attacks on all communities.\"On February 24, 2016, [0] sent out a company-wide internal memo to employees formally rebuking employees who had crossed out handwritten \"Black Lives Matter\" phrases on the company walls and had written \"All Lives Matter\" in handwritten \"Black Lives Matter\" phrases's place. Facebook allows employees to free-write thoughts and phrases on company walls. The memo was then leaked by several employees. As [0] had previously condemned this practice at previous company meetings, and other similar requests had been issued by other leaders at Facebook, [0] wrote in a company-wide internal memo that [0] would now consider this practice not only disrespectful, but \"malicious as well.\" According to a company-wide internal memo, \"Black Lives Matter doesn't mean other lives don't \u2013 it's simply asking that the black community also achieves the justice the black community deserve.\" a company-wide internal memo also noted that the act of crossing something out in itselfthe act of crossing something out in itself, \"means silencing speech, or that one person's speech is more important than another's.\" [0] also said in a company-wide internal memo that [0] would be launching investigations into the incidents. New York's Daily News interviewed Facebook employees who commented anonymously that, \"[0] was genuinely angry about the incident and it really encouraged staff that [0] showed a clear understanding of why the phrase 'Black Lives Matter' must exist, as well as why writing through the phrase 'Black Lives Matter' is a form of harassment and erasure.\"In January 2017, [0] criticized Donald Trump's executive order to severely limit immigrants and refugees from some countries.[0] funded a state-level ballot initiative for the 2020 general election that would raise taxes by altering California's's Proposition 13 to require the tax assessment of commercial and industrial properties in California's at market rate."}, "Personal life": {"Marriage and children": "[0] is our person to focus on. [0] met [0]'s future wife, fellow Harvard student Priscilla Chan, at a frat party during [0]'s sophomore year there. They began dating in 2003. In September 2010, Chan, who was by then a medical student at the University of California, San Francisco, moved into Zuckerberg's rented house in Palo Alto, California. On May 19, 2012, They married in the grounds of Zuckerberg's rented house in Palo Alto, California in an event that also celebrated Chan, who was by then a medical student at the University of California, San Francisco,'s graduation from medical school. On July 31, 2015, [0] revealed They were expecting a baby girl and that Chan, who was by then a medical student at the University of California, San Francisco, had previously experienced three miscarriages. a baby girl was born on December 1, 2015. They announced in a Chinese New Year video that a baby girl's Chinese name is Chen Mingyu (Chinese: \u9648\u660e\u5b87). They's second daughter, August, was born in August 2017. [0] Chan, who was by then a medical student at the University of California, San Francisco, welcomed They's third daughter Aurelia on March 24, 2023, and announced welcomed across [0]'s social media pages.They also have a Puli dog named Beast, who has over two million followers on Facebook.", "Religious beliefs": "Mark Zuckerberg is our person to focus on. Raised as a Reform Jew, [0] later identified as an atheist. However, [0] said in 2016 that \"[0] went through a period where [0] questioned things, but now [0] believe religion is very important.\"", "Other interests": "[0] is our person to focus on. In 2017, [0] and [0]'s wife began a nationwide tour \"to visit every state in the union and learn more about a sliver of the nearly two billion people who regularly use the social network\". [0] met with farmers and business owners, and spoke at Mother Emanuel, where a shooting took place in 2015.In an August 2022 appearance on The Joe Rogan Experience, [0] said one of [0]'s biggest regrets was competing on the fencing team in high school instead of wrestling. Motherboard implicitly criticized competing by comparing competing to another potential regret: the social network's \"enabling genocide in Myanmar because the social network did not bother to hire moderators who speak Burmese\", an incident for which [0] apologized at the time. In an August 2022 appearance on The Joe Rogan Experience, [0] also said [0] regretted that the social network had throttled posts about the Hunter Biden laptop controversy.In 2022, [0] took up training in both mixed martial arts (MMA) and Brazilian jiu-jitsu (BJJ), and has been open about [0]'s love for both mixed martial arts (MMA) and Brazilian jiu-jitsu (BJJ. [0] competed in a Brazilian jiu-jitsu (BJJ tournament on May 6, 2023, and won both a silver and gold medal in gi and no gi, competing at white belt. On July 22, 2023, [0] was promoted to blue belt in Brazilian jiu-jitsu (BJJ by Dave Camarillo. Four months later, [0] announced that [0] was preparing to make his MMA debut but had suffered an anterior cruciate ligament injury in training that required surgery and had delayed his MMA debut.", "": ""}}