{"summary": {"": "[0] is our person to focus on. [0] (born November 1, 1960) is an American business executive who became the chief executive officer of Apple Inc. in 2011. [0] had previously served as Apple Inc.'s chief operating officer under Apple Inc.'s co-founder Steve Jobs.[0] joined Apple Inc. in March 1998 as a senior vice president for worldwide operations, and then served as the executive vice president for worldwide sales and operations. [0] was appointed chief executive on August 24, 2011 after Jobs, who was ill and died that October, resigned. During [0]'s tenure as chief executive, [0] advocated for the political reformation of international and domestic surveillance, cybersecurity, American manufacturing, and environmental preservation. Since 2011 when [0] took over Apple Inc., to 2020, [0] doubled Apple Inc.'s revenue and profit, and Apple Inc.'s market value increased from $348 billion to $1.9 trillion.[0] also serves on the boards of directors of Nike, Inc. and the National Football Foundation; [0] is a trustee of Duke University, [0]'s alma mater. Outside of Apple Inc., [0] engages in philanthropy; in March 2015 [0] said [0] planned to donate [0]'s fortune to charity. In 2014, [0] became the first chief executive of a Fortune 500 company to publicly come out as gay."}, "Early life and education": {"": "[0] is our person to focus on. [0] was born in Mobile, Alabama, United States. [0] was baptized in a Baptist church and grew up in nearby Robertsdale. [0]'s father, Donald, was a shipyard worker, and [0]'s mother, Geraldine, worked at a pharmacy.[0] graduated from Robertsdale High School in Alabama, United States in 1978. [0] earned a Bachelor of Science degree with a major in industrial engineering from Auburn University in 1982 and a Master of Business Administration from Duke University in 1988."}, "Career": {"Pre-Apple era": "[0] is our person to focus on. After graduating from Auburn University, [0] spent 12 years in IBM's personal computer business, ultimately serving as the director of North American fulfillment. During spent, [0] also earned [0]'s MBA from Duke University, becoming a Fuqua Scholar in 1988. Later, [0] served as the chief operating officer of the computer reseller division of Intelligent Electronics. In 1997, [0] became the vice president for corporate materials at Compaq, but took up [0]'s position at Apple six months later.", "Apple era": "[0] is our person to focus on. In 1998, Steve Jobs asked [0] to join Apple. In a commencement speech at Auburn University, [0] said [0] decided to join Apple after meeting Steve Jobs:Any purely rational consideration of cost and benefits lined up in Compaq's's favor, and the people who knew [0] best advised [0] to stay at Compaq's... On that day in early 1998, [0] listened to my intuition, not the left side of [0]'s brain or for that matter even the people who knew [0] best... no more than five minutes into [0]'s initial interview with Steve Jobs, [0] wanted to throw caution and logic to the wind and join Apple. my intuition already knew that joining Apple was a once-in-a-lifetime opportunity to work for Steve Jobs and to be on the executive team that could resurrect Apple. [0]'s first position was senior vice president for worldwide operations. [0] closed factories and warehouses, and replaced factories and warehouses with contract manufacturers; this resulted in a reduction of Apple's inventory from months to days. Predicting its importance, [0]'s group had invested in long-term deals such as advance investment in flash memory since 2005. invested guaranteed a stable supply of what became the iPod Nano, then iPhone and iPad. Competitors at Hewlett-Packard described their cancelled HP TouchPad tablet computer and later said that their cancelled HP TouchPad tablet computer was made from \"cast-off, reject iPad parts\". [0]'s actions were recognized for keeping costs under control, and combined with the rest of Apple, generated huge profits.In January 2007, [0] was promoted to lead operations and served as chief executive in 2009, while Steve Jobs, in failing health, was away on a leave of absence. In January 2011, Apple's board of directors approved a third medical leave of absence requested by Jobs. During a third medical leave of absence requested by Jobs, [0] was responsible for most of Apple's day-to-day operations, while Steve Jobs made most major decisions.After Steve Jobs resigned as CEO and became chairman of Apple's board of directors, [0] was named the new chief executive officer of Apple on August 24, 2011. Six weeks later, on October 5, 2011, Steve Jobs died due to complications from pancreatic cancer. Forbes contributor Robin Ferracone wrote in September 2011: \"Jobs and Cook proceeded to forge a strong partnership, and rescued Apple from Apple's death spiral, which took Apple from $11 billion in revenue in 1995 down to less than $6 billion in 1998 ... Under Jobs and Cook's leadership, Apple went from Apple's nadir to a remarkable $100 billion today\". In April 2012, Time included [0] on Time's annual \"100 Most Influential People in the World\" list.On October 29, 2012, [0] made major changes to the company's executive team. Scott Forstall resigned as senior vice president of iOS after the poorly received launch of Apple Maps, and became an advisor to [0] until Scott Forstall eventually departed from Apple in 2013. John Browett, who was senior VP of retail, was dismissed six months after John Browett, who was senior VP of retail, commenced at Apple, and given 100,000 shares worth US$60 million. Scott Forstall's duties were divided among four other Apple executives: design SVP Jony Ive assumed leadership of Apple's human interface team; Craig Federighi became the new head of iOS software engineering; services chief Eddy Cue became responsible for Apple Maps and Siri; and Bob Mansfield, previously SVP of hardware engineering, became the head of a new technology group.[0] made major changes to the company's executive team after the third quarter of the fiscal year, when revenues and profits grew less than predicted. Scott Forstall's was widely seen as a dismissal, allegedly caused by [0]'s desire to reduce \"rivalries between executives\",:\u200a127\u200a and drew criticism, as Scott Forstall had been seen as a possible successor to [0]. On February 28, 2014, [0] made headlines when [0] challenged shareholders to \"get out of the stock\" if shareholders did not share Apple's views on sustainability and climate change. In May 2016, [0] traveled to China to meet with government officials there after China closed Apple's online iTunes Store and Apple Books store.In 2016, some analysts compared [0] to former Microsoft CEO Steve Ballmer, claiming that innovation had died down since [0] replaced Jobs, similar to when former Microsoft CEO Steve Ballmer became Microsoft CEO in 2000. In December 2017, [0] was a speaker at the World Internet Conference in China.[0] was appointed chairman of the advisory board for Tsinghua University's economics school in October 2019 for a three-year term.Rep. Tom Malinowski, Rep. Alexandria Ocasio-Cortez, and several other lawmakers criticized [0] in 2019 over Apple's decision to remove an app used by pro-democracy protesters in Hong Kong from Apple's App Store. Rep. Tom Malinowski, Rep. Alexandria Ocasio-Cortez, and several other lawmakers accused Apple of censorship, and co-signed a letter to [0] that read, \"Apple's decisions last week to accommodate China by taking down HKMaps is deeply concerning. Rep. Tom Malinowski, Rep. Alexandria Ocasio-Cortez, and several other lawmakers urge [0] in the strongest terms to reverse course, to demonstrate that Apple puts values above market access, and to stand with pro-democracy protesters in Hong Kong.\" [0] explained in an internal letter why Apple removed an app used by pro-democracy protesters in Hong Kong. In 2016, [0] signed a $275 billion deal with Chinese officials. a $275 billion deal with Chinese officials paved the way for increased censorship by Apple in China, for example the removal of Muslim content, preventing users from entering numbers that refer to the date of the Tiananmen Square Massacre, censoring Chinese words like \"human rights\" or \"democracy\", and manipulating Apple Maps to support China in the Senkaku Islands dispute by making Chinese-claimed islands appear larger than Chinese-claimed islands actually were.In August 2021, [0] received an approximate $750m payout, selling more than five million shares in Apple, ten years after becoming CEO.", "": ""}, "Public image": {"Leadership style": "[0] is our person to focus on. As Apple Inc. CEO, [0] regularly begins sending emails at 4:30\u00a0am each weekday, and in the past held Sunday-night staff meetings by telephone to prepare for the next week. In May 2013 [0] shared that [0]'s leadership focused on people, strategy, and execution; [0] explained, \"If you get people, strategy, and execution right the world is a great place.\" Under [0]'s leadership, Apple Inc. increased Apple Inc.'s donations to charity, and in 2013 [0] hired Lisa Jackson, formerly the head of the Environmental Protection Agency, to assist Apple Inc. with the development of Apple Inc.'s renewable energy activities. Since becoming CEO, [0] replaced Steve Jobs's micromanagement with a more hands-off style, and implemented a more collaborative culture at Apple Inc..:\u200a314\u200a", "Public affiliations": "[0] is our person to focus on. During the 2008 election cycle, [0] donated to Barack Obama's first White House election.While it had been reported in early 2011 that [0] was gay, at the time, and prior to [0]'s October 2014 public statement, [0] chose to keep [0]'s personal life private. [0] did publicly support LGBT rights. In October 2014, the Alabama Academy of Honor inducted [0]his home state's's . the Alabama Academy of Honor is the highest honor his home state's gives his home state's's citizens.In 2015, [0] said [0] donated to Democratic Senators Chuck Schumer and Patrick Leahy for Democratic Senators Chuck Schumer and Patrick Leahy's stances on e-book pricing and surveillance reform, respectively. During 2015, [0] hosted a fundraiser for Republican Senator Rob Portman.In early March 2016, [0] disclosed that [0] donated to the election campaign of Democratic Rep. Zoe Lofgren of California. In early June, [0] hosted a private fundraiser along with then Speaker of the U.S. House of Representatives Paul Ryan. a private fundraiser was described by Politico as \"a joint fundraising committee aimed at helping to elect other the U.S. House of Representatives Republicans\".In the 2016 election, [0] raised funds for the presidential campaign of Hillary Clinton. At one point, the presidential campaign of Hillary Clinton considered [0] as a candidate for Vice President.In September 2017 at Bloomberg's Global Business Forum, [0] defended the DACA immigration program. [0] expressed [0]'s dissatisfaction with the direction of Donald Trump's administration, stating: \"the direction of Donald Trump's administration is unacceptable. the direction of Donald Trump's administration is not who we are as a country. [0] am personally shocked that there is even a discussion of the direction of Donald Trump's administration.\"In 2018, at a privacy conference in Brussels, [0] expressed [0]'s opinions on the stockpiling of personal data by tech firms, suggesting that the stockpiling of personal data by tech firms amounted to surveillance and should make the public \"very uncomfortable.\"In a meeting for the American Workforce Policy Advisory Board with Donald Trump's in March 2019, Donald Trump's referred to [0] as \"Tim Apple\". [0] leaned into the slip-up by changing [0]'s display name on Twitter to Tim Apple.", "": ""}, "Personal life": {"": "[0] is our person to focus on. [0] is a fitness enthusiast and enjoys hiking, cycling, and going to the gym. [0] is known for being solitary, using an off-campus fitness center for privacy, and little is publicly shared about his personal life. [0] explained in October 2014 that [0] has sought to achieve a \"basic level of privacy\".[0] was misdiagnosed with multiple sclerosis in 1996, an incident [0] said made [0] \"see the world in a different way\". [0] has since taken part in charity fundraising, such as cycle races to raise money for multiple sclerosis. [0] later told the Auburn alumni magazine that [0]'s symptoms came from \"lugging a lot of incredibly heavy luggage around\".[0] has said that in 2009 [0] offered a portion of [0]'s liver to Jobs, as they shared a rare blood type. [0] said that Jobs responded by yelling, \"Jobs'll never let [0] do offered. Jobs'll never do offered.\"While delivering the 2010 commencement speech at Auburn, [0] emphasized the importance of intuition during significant decision-making processes, and explained that preparation and hard work are also necessary to execute on intuition.In June 2014, [0] attended San Francisco's gay pride parade along with a delegation of Apple staff. On October 30, [0] publicly came out as gay in an editorial for Bloomberg Business, saying, \"[0]'m proud to be gay, and [0] consider being gay among the greatest gifts God has given [0].\" [0] consulted with Anderson Cooper, who had publicly come out himself, on aspects of came, and cleared the timing to ensure came would not distract from business interests. [0] had been open about [0]'s sexuality \"for years\", and while many people at Apple were aware of [0]'s sexual orientation, [0] sought to focus on Apple's products and customers rather than his personal life. [0] ended an editorial for Bloomberg Business by writing, \"We pave the sunlit path toward justice together, brick by brick. This is [0]'s brick.\" [0] became the first and only openly gay CEO on the Fortune 500 list. In September 2015, [0] clarified on The Late Show with Stephen Colbert, \"Where [0] valued my privacy significantly, [0] felt that [0] was valuing my privacy too far above what [0] could do for other people, so [0] wanted to tell everyone [0]'s truth.\" In October 2019, [0] talked about the decision and remarked on how it was thanks to LGBTQ people who had fought for LGBTQ people's rights before [0] that paved the way for [0]'s success, and that [0] needed to let younger generations know that\u2014in a coding analogy\u2014[0] saw being gay as a feature [0]'s life had to offer rather than any problem. [0] hoped [0]'s openness could help LGBTQ youth dealing with homelessness and suicide hope that LGBTQ youth dealing with homelessness and suicide's situation could get better.In 2021, [0] appeared on the Time 100, Time's annual list of the 100 most influential people in the world."}}