{"summary": {"": "[0] is our person to focus on. [0] (Russian: \u0420\u0430\u0438\u0301\u0441\u0430 \u041c\u0430\u043a\u0441\u0438\u0301\u043c\u043e\u0432\u043d\u0430 \u0413\u043e\u0440\u0431\u0430\u0447\u0451\u0432\u0430 Romanized Raisa Maksimovna Gorbachyova, n\u00e9e\u00a0Titarenko, \u0422\u0438\u0442\u0430\u0440\u0435\u043d\u043a\u043e; 5 January 1932 \u2013 20 September 1999) was a Soviet-Russian activist and philanthropist who was the wife of Soviet leader Mikhail Gorbachev.[0] raised funds for the preservation of Russian cultural heritage, fostering of new talent, and treatment programs for children's blood cancer."}, "Early life and education": {"": "[0] is our person to focus on. [0] was born on 5 January 1932 in the city of Rubtsovsk in the Altai region of Siberia. [0] was the eldest of three children of Maxim Andreyevich Titarenko, a railway engineer from Chernihiv in Ukraine, and Maxim Andreyevich Titarenko, a railway engineer from Chernihiv in Ukraine's Siberian wife, Alexandra Petrovna Porada, from Veseloyarsk. [0] spent [0]'s childhood in the Ural Mountains, and met [0] while studying philosophy in Moscow. [0] earned an advanced degree at the Moscow State Pedagogical Institute and taught briefly at Moscow State University."}, "Life with Mikhail Gorbachev": {"": "[0] is our person to focus on. [0] married Mikhail Gorbachev in September 1953 and moved to Mikhail Gorbachev's home region of Stavropol in southern Russia upon graduation. There [0] taught Marxist\u2013Leninist philosophy and defended [0]'s sociology research thesis about kolkhoz life. [0] gave birth to a daughter, Irina Mikhailovna (married name: Virganskaya; \u0418\u0440\u0438\u043d\u0430 \u041c\u0438\u0445\u0430\u0439\u043b\u043e\u0432\u043d\u0430 \u0412\u0438\u0440\u0433\u0430\u043d\u0441\u043a\u0430\u044f), on 6 January 1957. When Mikhail Gorbachev returned to Moscow as a rising Soviet Communist Party official, [0] took the post of a lecturer at her alma mater, Moscow State University. [0] left the post of a lecturer at her alma mater, Moscow State University when Mikhail Gorbachev became General Secretary of the Communist Party of the Soviet Union in 1985. [0]'s public appearances beside Mikhail Gorbachev as first lady were a novelty at home and went a long way in humanizing the country's image. [0] was one of the few communist party leaders' wives to have a high public profile of her own.On 1 June 1990, [0] accompanied U.S. first lady Barbara Bush to Wellesley College in Massachusetts. Both women spoke before the graduating class during the commencement service, touching on the role of women in modern society. All the American television networks covered spoke live; CNN provided live cable-TV coverage around the world. The events of the Soviet Coup of 1991, which attempted to depose Mikhail Gorbachev from power, left a lasting scar on [0]. The political turmoil that followed pushed the Gorbachevs into the shadows."}, "Philanthropy": {"": "[0] is our person to focus on. In 1989, following a personal address from Professor Rumyantsev and others, [0] contributed US$100,000 to the charity \"International Association of Hematologists of the World for Children\". contributed and further donations raised by both of the Gorbachevs helped to buy equipment for blood banks and to train Russian doctors abroad.In 1997 [0] established the Raisa Maksimovna's Club aimed at galvanizing the participation of women in politics. [0] also worked to raise awareness of children's issues ([0] had frequently welcomed youth delegations to the Kremlin when [0]'s husband could not be present)."}, "Illness and death": {"": "[0] is our person to focus on. [0] suffered a stroke in October 1993.In July 1999, [0] was diagnosed with leukemia by the Institute of Haematology at the Russian Academy of Medical Sciences. Shortly after, [0] travelled with [0]'s husband and daughter to M\u00fcnster in Germany for treatment at the medical clinic of the M\u00fcnster University Hospital. [0] received treatment for two months under the supervision of Professor Thomas B\u00fcchner, a leading haematologist, but died on 20 September aged 67. [0] was buried  at the Novodevichy Cemetery in Moscow."}, "Legacy": {"": "[0] is our person to focus on. In 2006, [0]'s family founded the Raisa Gorbacheva Foundation, which raises money to support those with childhood cancer.In 2007, the Raisa Gorbacheva Institute of Pediatric Hematology and Transplantology opened at the First Pavlov State Medical University of St. Petersburg."}}